GEOGCD,GEOGNM,GEOGNMW,SI_ID,SI_TITLE,OPER_DATE,TERM_DATE,PARENTCD,ENTITYCD,OWNER,STATUS,AREAEHECT,AREACHECT,AREAIHECT,AREALHECT
E07000001,Mid Bedfordshire,,1111/1001,GSS re-coding strategy,01/01/2009,31/03/2009,E10000001,E07,DCLG,terminated,,,,
E07000002,Bedford,,1111/1001,GSS re-coding strategy,01/01/2009,31/03/2009,E10000001,E07,DCLG,terminated,,,,
E07000003,South Bedfordshire,,1111/1001,GSS re-coding strategy,01/01/2009,31/03/2009,E10000001,E07,DCLG,terminated,,,,
E07000004,Aylesbury Vale,,1111/1001,GSS re-coding strategy,01/01/2009,,E10000002,E07,DCLG,live,90275.33,90275.33,0,90275.33
E07000005,Chiltern,,1111/1001,GSS re-coding strategy,01/01/2009,,E10000002,E07,DCLG,live,19634.83,19634.83,0,19634.83
E07000006,South Bucks,,1111/1001,GSS re-coding strategy,01/01/2009,,E10000002,E07,DCLG,live,14127.55,14127.55,0,14127.55
E07000007,Wycombe,,1111/1001,GSS re-coding strategy,01/01/2009,,E10000002,E07,DCLG,live,32457.2,32457.2,0,32457.2
E07000008,Cambridge,,1111/1001,GSS re-coding strategy,01/01/2009,,E10000003,E07,DCLG,live,4069.87,4069.87,0,4069.87
E07000009,East Cambridgeshire,,1111/1001,GSS re-coding strategy,01/01/2009,,E10000003,E07,DCLG,live,65172.03,65127.91,0,65127.91
E07000010,Fenland,,1111/1001,GSS re-coding strategy,01/01/2009,,E10000003,E07,DCLG,live,54735.53,54645.01,0,54645.01
E07000011,Huntingdonshire,,1111/1001,GSS re-coding strategy,01/01/2009,,E10000003,E07,DCLG,live,91254.57,91245.83,627.95,90617.88
E07000012,South Cambridgeshire,,1111/1001,GSS re-coding strategy,01/01/2009,,E10000003,E07,DCLG,live,90168.72,90162.73,0,90162.73
E07000013,Chester,,1111/1001,GSS re-coding strategy,01/01/2009,31/03/2009,E10000004,E07,DCLG,terminated,,,,
E07000014,Congleton,,1111/1001,GSS re-coding strategy,01/01/2009,31/03/2009,E10000004,E07,DCLG,terminated,,,,
E07000015,Crewe and Nantwich,,1111/1001,GSS re-coding strategy,01/01/2009,31/03/2009,E10000004,E07,DCLG,terminated,,,,
E07000016,Ellesmere Port & Neston,,1111/1001,GSS re-coding strategy,01/01/2009,31/03/2009,E10000004,E07,DCLG,terminated,,,,
E07000017,Macclesfield,,1111/1001,GSS re-coding strategy,01/01/2009,31/03/2009,E10000004,E07,DCLG,terminated,,,,
E07000018,Vale Royal,,1111/1001,GSS re-coding strategy,01/01/2009,31/03/2009,E10000004,E07,DCLG,terminated,,,,
E07000019,Caradon,,1111/1001,GSS re-coding strategy,01/01/2009,31/03/2009,E10000005,E07,DCLG,terminated,,,,
E07000020,Carrick,,1111/1001,GSS re-coding strategy,01/01/2009,31/03/2009,E10000005,E07,DCLG,terminated,,,,
E07000021,Kerrier,,1111/1001,GSS re-coding strategy,01/01/2009,31/03/2009,E10000005,E07,DCLG,terminated,,,,
E07000022,North Cornwall,,1111/1001,GSS re-coding strategy,01/01/2009,31/03/2009,E10000005,E07,DCLG,terminated,,,,
E07000023,Penwith,,1111/1001,GSS re-coding strategy,01/01/2009,31/03/2009,E10000005,E07,DCLG,terminated,,,,
E07000024,Restormel,,1111/1001,GSS re-coding strategy,01/01/2009,31/03/2009,E10000005,E07,DCLG,terminated,,,,
E07000025,Isles of Scilly,,1111/1001,GSS re-coding strategy,01/01/2009,31/03/2009,E10000005,E07,DCLG,terminated,,,,
E07000026,Allerdale,,1111/1001,GSS re-coding strategy,01/01/2009,,E10000006,E07,DCLG,live,132056.34,125779.87,1615.98,124163.89
E07000027,Barrow-in-Furness,,1111/1001,GSS re-coding strategy,01/01/2009,,E10000006,E07,DCLG,live,13206.39,7797.86,0,7797.86
E07000028,Carlisle,,1111/1001,GSS re-coding strategy,01/01/2009,,E10000006,E07,DCLG,live,105435.83,103929.79,0,103929.79
E07000029,Copeland,,1111/1001,GSS re-coding strategy,01/01/2009,,E10000006,E07,DCLG,live,77582.13,73761.35,587.16,73174.19
E07000030,Eden,,1111/1001,GSS re-coding strategy,01/01/2009,,E10000006,E07,DCLG,live,215647.45,215647.45,1410.35,214237.1
E07000031,South Lakeland,,1111/1001,GSS re-coding strategy,01/01/2009,,E10000006,E07,DCLG,live,174319.1,155303.22,1946.09,153357.13
E07000032,Amber Valley,,1111/1001,GSS re-coding strategy,01/01/2009,,E10000007,E07,DCLG,live,26543.79,26543.79,0,26543.79
E07000033,Bolsover,,1111/1001,GSS re-coding strategy,01/01/2009,,E10000007,E07,DCLG,live,16033.46,16033.46,0,16033.46
E07000034,Chesterfield,,1111/1001,GSS re-coding strategy,01/01/2009,,E10000007,E07,DCLG,live,6603.52,6603.52,0,6603.52
E07000035,Derbyshire Dales,,1111/1001,GSS re-coding strategy,01/01/2009,,E10000007,E07,DCLG,live,79531.78,79531.78,289.37,79242.41
E07000036,Erewash,,1111/1001,GSS re-coding strategy,01/01/2009,,E10000007,E07,DCLG,live,10963.01,10963.01,0,10963.01
E07000037,High Peak,,1111/1001,GSS re-coding strategy,01/01/2009,,E10000007,E07,DCLG,live,54025.41,54025.41,111.08,53914.33
E07000038,North East Derbyshire,,1111/1001,GSS re-coding strategy,01/01/2009,,E10000007,E07,DCLG,live,27562.35,27562.35,0,27562.35
E07000039,South Derbyshire,,1111/1001,GSS re-coding strategy,01/01/2009,,E10000007,E07,DCLG,live,33812.9,33812.9,0,33812.9
E07000040,East Devon,,1111/1001,GSS re-coding strategy,01/01/2009,,E10000008,E07,DCLG,live,82370.44,81436.15,0,81436.15
E07000041,Exeter,,1111/1001,GSS re-coding strategy,01/01/2009,,E10000008,E07,DCLG,live,4788.85,4704.31,0,4704.31
E07000042,Mid Devon,,1111/1001,GSS re-coding strategy,01/01/2009,,E10000008,E07,DCLG,live,91289.78,91289.78,0,91289.78
E07000043,North Devon,,1111/1001,GSS re-coding strategy,01/01/2009,,E10000008,E07,DCLG,live,110504.52,108603.16,0,108603.16
E07000044,South Hams,,1111/1001,GSS re-coding strategy,01/01/2009,,E10000008,E07,DCLG,live,90524.8,88648.5,0,88648.5
E07000045,Teignbridge,,1111/1001,GSS re-coding strategy,01/01/2009,,E10000008,E07,DCLG,live,68100.81,67389.28,0,67389.28
E07000046,Torridge,,1111/1001,GSS re-coding strategy,01/01/2009,,E10000008,E07,DCLG,live,99559.33,98535.63,146.46,98389.17
E07000047,West Devon,,1111/1001,GSS re-coding strategy,01/01/2009,,E10000008,E07,DCLG,live,116471.78,116109.44,143.36,115966.08
E07000048,Christchurch,,1111/1001,GSS re-coding strategy,01/01/2009,,E10000009,E07,DCLG,live,5169.55,5037.58,0,5037.58
E07000049,East Dorset,,1111/1001,GSS re-coding strategy,01/01/2009,,E10000009,E07,DCLG,live,35441.79,35441.79,0,35441.79
E07000050,North Dorset,,1111/1001,GSS re-coding strategy,01/01/2009,,E10000009,E07,DCLG,live,60921.78,60921.78,0,60921.78
E07000051,Purbeck,,1111/1001,GSS re-coding strategy,01/01/2009,,E10000009,E07,DCLG,live,42758.39,40441.25,0,40441.25
E07000052,West Dorset,,1111/1001,GSS re-coding strategy,01/01/2009,,E10000009,E07,DCLG,live,108706.21,108152.83,0,108152.83
E07000053,Weymouth and Portland,,1111/1001,GSS re-coding strategy,01/01/2009,,E10000009,E07,DCLG,live,4299.62,4177.81,0,4177.81
E07000054,Chester-le-Street,,1111/1001,GSS re-coding strategy,01/01/2009,31/03/2009,E10000010,E07,DCLG,terminated,,,,
E07000055,Derwentside,,1111/1001,GSS re-coding strategy,01/01/2009,31/03/2009,E10000010,E07,DCLG,terminated,,,,
E07000056,Durham,,1111/1001,GSS re-coding strategy,01/01/2009,31/03/2009,E10000010,E07,DCLG,terminated,,,,
E07000057,Easington,,1111/1001,GSS re-coding strategy,01/01/2009,31/03/2009,E10000010,E07,DCLG,terminated,,,,
E07000058,Sedgefield,,1111/1001,GSS re-coding strategy,01/01/2009,31/03/2009,E10000010,E07,DCLG,terminated,,,,
E07000059,Teesdale,,1111/1001,GSS re-coding strategy,01/01/2009,31/03/2009,E10000010,E07,DCLG,terminated,,,,
E07000060,Wear Valley,,1111/1001,GSS re-coding strategy,01/01/2009,31/03/2009,E10000010,E07,DCLG,terminated,,,,
E07000061,Eastbourne,,1111/1001,GSS re-coding strategy,01/01/2009,,E10000011,E07,DCLG,live,4552.9,4415.94,0,4415.94
E07000062,Hastings,,1111/1001,GSS re-coding strategy,01/01/2009,,E10000011,E07,DCLG,live,3083.17,2972.41,0,2972.41
E07000063,Lewes,,1111/1001,GSS re-coding strategy,01/01/2009,,E10000011,E07,DCLG,live,29438.93,29206.43,0,29206.43
E07000064,Rother,,1111/1001,GSS re-coding strategy,01/01/2009,,E10000011,E07,DCLG,live,51815.33,51174.53,231.26,50943.27
E07000065,Wealden,,1111/1001,GSS re-coding strategy,01/01/2009,,E10000011,E07,DCLG,live,83626.54,83499.85,182.26,83317.59
E07000066,Basildon,,1111/1001,GSS re-coding strategy,01/01/2009,,E10000012,E07,DCLG,live,11044.59,11002.53,0,11002.53
E07000067,Braintree,,1111/1001,GSS re-coding strategy,01/01/2009,,E10000012,E07,DCLG,live,61170.81,61170.81,0,61170.81
E07000068,Brentwood,,1111/1001,GSS re-coding strategy,01/01/2009,,E10000012,E07,DCLG,live,15312.41,15312.41,0,15312.41
E07000069,Castle Point,,1111/1001,GSS re-coding strategy,01/01/2009,,E10000012,E07,DCLG,live,6369.84,4507.04,0,4507.04
E07000070,Chelmsford,,1111/1001,GSS re-coding strategy,01/01/2009,,E10000012,E07,DCLG,live,34299.73,34225.15,346.93,33878.22
E07000071,Colchester,,1111/1001,GSS re-coding strategy,01/01/2009,,E10000012,E07,DCLG,live,34671.33,33318.52,410.14,32908.38
E07000072,Epping Forest,,1111/1001,GSS re-coding strategy,01/01/2009,,E10000012,E07,DCLG,live,33898.42,33898.42,0,33898.42
E07000073,Harlow,,1111/1001,GSS re-coding strategy,01/01/2009,,E10000012,E07,DCLG,live,3053.79,3053.79,0,3053.79
E07000074,Maldon,,1111/1001,GSS re-coding strategy,01/01/2009,,E10000012,E07,DCLG,live,42668.86,35867.98,0,35867.98
E07000075,Rochford,,1111/1001,GSS re-coding strategy,01/01/2009,,E10000012,E07,DCLG,live,26341.11,16949.54,0,16949.54
E07000076,Tendring,,1111/1001,GSS re-coding strategy,01/01/2009,,E10000012,E07,DCLG,live,36581.79,33773.65,0,33773.65
E07000077,Uttlesford,,1111/1001,GSS re-coding strategy,01/01/2009,,E10000012,E07,DCLG,live,64118.28,64118.28,0,64118.28
E07000078,Cheltenham,,1111/1001,GSS re-coding strategy,01/01/2009,,E10000013,E07,DCLG,live,4659.62,4659.62,0,4659.62
E07000079,Cotswold,,1111/1001,GSS re-coding strategy,01/01/2009,,E10000013,E07,DCLG,live,116452.42,116452.42,0,116452.42
E07000080,Forest of Dean,,1111/1001,GSS re-coding strategy,01/01/2009,,E10000013,E07,DCLG,live,56143.24,52629.34,0,52629.34
E07000081,Gloucester,,1111/1001,GSS re-coding strategy,01/01/2009,,E10000013,E07,DCLG,live,4082.66,4055.3,0,4055.3
E07000082,Stroud,,1111/1001,GSS re-coding strategy,01/01/2009,,E10000013,E07,DCLG,live,47617.3,46065,0,46065
E07000083,Tewkesbury,,1111/1001,GSS re-coding strategy,01/01/2009,,E10000013,E07,DCLG,live,41497.6,41441.44,0,41441.44
E07000084,Basingstoke and Deane,,1111/1001,GSS re-coding strategy,01/01/2009,,E10000014,E07,DCLG,live,63381.72,63381.72,0,63381.72
E07000085,East Hampshire,,1111/1001,GSS re-coding strategy,01/01/2009,,E10000014,E07,DCLG,live,51443.21,51443.21,0,51443.21
E07000086,Eastleigh,,1111/1001,GSS re-coding strategy,01/01/2009,,E10000014,E07,DCLG,live,8526.8,7976.41,0,7976.41
E07000087,Fareham,,1111/1001,GSS re-coding strategy,01/01/2009,,E10000014,E07,DCLG,live,7779.97,7423.92,0,7423.92
E07000088,Gosport,,1111/1001,GSS re-coding strategy,01/01/2009,,E10000014,E07,DCLG,live,2757.78,2535.82,0,2535.82
E07000089,Hart,,1111/1001,GSS re-coding strategy,01/01/2009,,E10000014,E07,DCLG,live,21526.5,21526.5,0,21526.5
E07000090,Havant,,1111/1001,GSS re-coding strategy,01/01/2009,,E10000014,E07,DCLG,live,7909.96,5537.32,0,5537.32
E07000091,New Forest,,1111/1001,GSS re-coding strategy,01/01/2009,,E10000014,E07,DCLG,live,77690.93,75304.01,0,75304.01
E07000092,Rushmoor,,1111/1001,GSS re-coding strategy,01/01/2009,,E10000014,E07,DCLG,live,3904.5,3904.5,0,3904.5
E07000093,Test Valley,,1111/1001,GSS re-coding strategy,01/01/2009,,E10000014,E07,DCLG,live,62762.2,62759.05,0,62759.05
E07000094,Winchester,,1111/1001,GSS re-coding strategy,01/01/2009,,E10000014,E07,DCLG,live,66107.1,66097.47,0,66097.47
E07000095,Broxbourne,,1111/1001,GSS re-coding strategy,01/01/2009,,E10000015,E07,DCLG,live,5144.22,5144.22,0,5144.22
E07000096,Dacorum,,1111/1001,GSS re-coding strategy,01/01/2009,,E10000015,E07,DCLG,live,21247.65,21247.65,0,21247.65
E07000097,East Hertfordshire,,1111/1001,GSS re-coding strategy,01/01/2009,31/03/2013,E10000015,E07,DCLG,terminated,47568.6,47568.6,0,47568.6
E07000098,Hertsmere,,1111/1001,GSS re-coding strategy,01/01/2009,,E10000015,E07,DCLG,live,10112.81,10112.81,0,10112.81
E07000099,North Hertfordshire,,1111/1001,GSS re-coding strategy,01/01/2009,,E10000015,E07,DCLG,live,37538.21,37538.21,0,37538.21
E07000100,St Albans,,1111/1001,GSS re-coding strategy,01/01/2009,31/03/2012,E10000015,E07,DCLG,terminated,,,,
E07000101,Stevenage,,1111/1001,GSS re-coding strategy,01/01/2009,31/03/2013,E10000015,E07,DCLG,terminated,2596.36,2596.36,0,2596.36
E07000102,Three Rivers,,1111/1001,GSS re-coding strategy,01/01/2009,,E10000015,E07,DCLG,live,8882.41,8882.41,0,8882.41
E07000103,Watford,,1111/1001,GSS re-coding strategy,01/01/2009,,E10000015,E07,DCLG,live,2143.04,2143.04,0,2143.04
E07000104,Welwyn Hatfield,,1111/1001,GSS re-coding strategy,01/01/2009,31/03/2012,E10000015,E07,DCLG,terminated,,,,
E07000105,Ashford,,1111/1001,GSS re-coding strategy,01/01/2009,,E10000016,E07,DCLG,live,58061.74,58061.74,0,58061.74
E07000106,Canterbury,,1111/1001,GSS re-coding strategy,01/01/2009,,E10000016,E07,DCLG,live,32088.94,30888.37,0,30888.37
E07000107,Dartford,,1111/1001,GSS re-coding strategy,01/01/2009,,E10000016,E07,DCLG,live,7631.04,7276.4,0,7276.4
E07000108,Dover,,1111/1001,GSS re-coding strategy,01/01/2009,,E10000016,E07,DCLG,live,32082.7,31506.59,0,31506.59
E07000109,Gravesham,,1111/1001,GSS re-coding strategy,01/01/2009,,E10000016,E07,DCLG,live,10495.86,9902,0,9902
E07000110,Maidstone,,1111/1001,GSS re-coding strategy,01/01/2009,,E10000016,E07,DCLG,live,39335.07,39333.26,0,39333.26
E07000111,Sevenoaks,,1111/1001,GSS re-coding strategy,01/01/2009,,E10000016,E07,DCLG,live,37034.7,37034.7,111.62,36923.08
E07000112,Shepway,,1111/1001,GSS re-coding strategy,01/01/2009,,E10000016,E07,DCLG,live,36551.52,35676.48,0,35676.48
E07000113,Swale,,1111/1001,GSS re-coding strategy,01/01/2009,,E10000016,E07,DCLG,live,42209.56,37446.7,0,37446.7
E07000114,Thanet,,1111/1001,GSS re-coding strategy,01/01/2009,,E10000016,E07,DCLG,live,11233.9,10333.91,0,10333.91
E07000115,Tonbridge and Malling,,1111/1001,GSS re-coding strategy,01/01/2009,,E10000016,E07,DCLG,live,24097.34,24012.53,0,24012.53
E07000116,Tunbridge Wells,,1111/1001,GSS re-coding strategy,01/01/2009,,E10000016,E07,DCLG,live,33132.87,33132.87,0,33132.87
E07000117,Burnley,,1111/1001,GSS re-coding strategy,01/01/2009,,E10000017,E07,DCLG,live,11068.4,11068.4,0,11068.4
E07000118,Chorley,,1111/1001,GSS re-coding strategy,01/01/2009,,E10000017,E07,DCLG,live,20290.57,20279.68,0,20279.68
E07000119,Fylde,,1111/1001,GSS re-coding strategy,01/01/2009,,E10000017,E07,DCLG,live,18263.34,16577.06,0,16577.06
E07000120,Hyndburn,,1111/1001,GSS re-coding strategy,01/01/2009,,E10000017,E07,DCLG,live,7299.74,7299.74,0,7299.74
E07000121,Lancaster,,1111/1001,GSS re-coding strategy,01/01/2009,,E10000017,E07,DCLG,live,65421.01,57621.76,0,57621.76
E07000122,Pendle,,1111/1001,GSS re-coding strategy,01/01/2009,,E10000017,E07,DCLG,live,16938.01,16938.01,0,16938.01
E07000123,Preston,,1111/1001,GSS re-coding strategy,01/01/2009,,E10000017,E07,DCLG,live,14294.48,14229.36,0,14229.36
E07000124,Ribble Valley,,1111/1001,GSS re-coding strategy,01/01/2009,,E10000017,E07,DCLG,live,58447.15,58447.15,128.58,58318.57
E07000125,Rossendale,,1111/1001,GSS re-coding strategy,01/01/2009,,E10000017,E07,DCLG,live,13804.12,13804.12,0,13804.12
E07000126,South Ribble,,1111/1001,GSS re-coding strategy,01/01/2009,,E10000017,E07,DCLG,live,11461.49,11295.55,0,11295.55
E07000127,West Lancashire,,1111/1001,GSS re-coding strategy,01/01/2009,,E10000017,E07,DCLG,live,38109.52,34678.43,0,34678.43
E07000128,Wyre,,1111/1001,GSS re-coding strategy,01/01/2009,,E10000017,E07,DCLG,live,32903,28214.74,0,28214.74
E07000129,Blaby,,1111/1001,GSS re-coding strategy,01/01/2009,,E10000018,E07,DCLG,live,13046.86,13046.86,0,13046.86
E07000130,Charnwood,,1111/1001,GSS re-coding strategy,01/01/2009,,E10000018,E07,DCLG,live,27904.27,27904.27,0,27904.27
E07000131,Harborough,,1111/1001,GSS re-coding strategy,01/01/2009,,E10000018,E07,DCLG,live,59269.23,59269.23,89.55,59179.68
E07000132,Hinckley and Bosworth,,1111/1001,GSS re-coding strategy,01/01/2009,,E10000018,E07,DCLG,live,29734.91,29734.91,0,29734.91
E07000133,Melton,,1111/1001,GSS re-coding strategy,01/01/2009,,E10000018,E07,DCLG,live,48138.05,48138.05,0,48138.05
E07000134,North West Leicestershire,,1111/1001,GSS re-coding strategy,01/01/2009,,E10000018,E07,DCLG,live,27932.8,27932.8,0,27932.8
E07000135,Oadby and Wigston,,1111/1001,GSS re-coding strategy,01/01/2009,,E10000018,E07,DCLG,live,2352.61,2352.61,0,2352.61
E07000136,Boston,,1111/1001,GSS re-coding strategy,01/01/2009,,E10000019,E07,DCLG,live,39779.27,36489,0,36489
E07000137,East Lindsey,,1111/1001,GSS re-coding strategy,01/01/2009,,E10000019,E07,DCLG,live,183107.27,176500.43,0,176500.43
E07000138,Lincoln,,1111/1001,GSS re-coding strategy,01/01/2009,,E10000019,E07,DCLG,live,3569.01,3569.01,0,3569.01
E07000139,North Kesteven,,1111/1001,GSS re-coding strategy,01/01/2009,,E10000019,E07,DCLG,live,92247.14,92247.14,0,92247.14
E07000140,South Holland,,1111/1001,GSS re-coding strategy,01/01/2009,,E10000019,E07,DCLG,live,81550.37,75091.19,0,75091.19
E07000141,South Kesteven,,1111/1001,GSS re-coding strategy,01/01/2009,,E10000019,E07,DCLG,live,94258.61,94258.61,0,94258.61
E07000142,West Lindsey,,1111/1001,GSS re-coding strategy,01/01/2009,,E10000019,E07,DCLG,live,115765.22,115573.2,0,115573.2
E07000143,Breckland,,1111/1001,GSS re-coding strategy,01/01/2009,,E10000020,E07,DCLG,live,130511.67,130511.67,0,130511.67
E07000144,Broadland,,1111/1001,GSS re-coding strategy,01/01/2009,,E10000020,E07,DCLG,live,55324.44,55240.1,0,55240.1
E07000145,Great Yarmouth,,1111/1001,GSS re-coding strategy,01/01/2009,,E10000020,E07,DCLG,live,18247.2,17447.07,0,17447.07
E07000146,King's Lynn and West Norfolk,,1111/1001,GSS re-coding strategy,01/01/2009,,E10000020,E07,DCLG,live,152765.85,143884.24,0,143884.24
E07000147,North Norfolk,,1111/1001,GSS re-coding strategy,01/01/2009,,E10000020,E07,DCLG,live,99039.79,96404.61,158.64,96245.97
E07000148,Norwich,,1111/1001,GSS re-coding strategy,01/01/2009,,E10000020,E07,DCLG,live,4055.41,3902.35,0,3902.35
E07000149,South Norfolk,,1111/1001,GSS re-coding strategy,01/01/2009,,E10000020,E07,DCLG,live,90890.66,90770.53,0,90770.53
E07000150,Corby,,1111/1001,GSS re-coding strategy,01/01/2009,,E10000021,E07,DCLG,live,8028.09,8028.09,0,8028.09
E07000151,Daventry,,1111/1001,GSS re-coding strategy,01/01/2009,,E10000021,E07,DCLG,live,66560.05,66560.05,298.48,66261.57
E07000152,East Northamptonshire,,1111/1001,GSS re-coding strategy,01/01/2009,,E10000021,E07,DCLG,live,50978.72,50978.72,0,50978.72
E07000153,Kettering,,1111/1001,GSS re-coding strategy,01/01/2009,,E10000021,E07,DCLG,live,23349,23349,0,23349
E07000154,Northampton,,1111/1001,GSS re-coding strategy,01/01/2009,,E10000021,E07,DCLG,live,8077.18,8077.18,0,8077.18
E07000155,South Northamptonshire,,1111/1001,GSS re-coding strategy,01/01/2009,,E10000021,E07,DCLG,live,63402.32,63402.32,0,63402.32
E07000156,Wellingborough,,1111/1001,GSS re-coding strategy,01/01/2009,,E10000021,E07,DCLG,live,16303.63,16303.63,0,16303.63
E07000157,Alnwick,,1111/1001,GSS re-coding strategy,01/01/2009,31/03/2009,E10000022,E07,DCLG,terminated,,,,
E07000158,Berwick-upon-Tweed,,1111/1001,GSS re-coding strategy,01/01/2009,31/03/2009,E10000022,E07,DCLG,terminated,,,,
E07000159,Blyth Valley,,1111/1001,GSS re-coding strategy,01/01/2009,31/03/2009,E10000022,E07,DCLG,terminated,,,,
E07000160,Castle Morpeth,,1111/1001,GSS re-coding strategy,01/01/2009,31/03/2009,E10000022,E07,DCLG,terminated,,,,
E07000161,Tynedale,,1111/1001,GSS re-coding strategy,01/01/2009,31/03/2009,E10000022,E07,DCLG,terminated,,,,
E07000162,Wansbeck,,1111/1001,GSS re-coding strategy,01/01/2009,31/03/2009,E10000022,E07,DCLG,terminated,,,,
E07000163,Craven,,1111/1001,GSS re-coding strategy,01/01/2009,,E10000023,E07,DCLG,live,117880.74,117880.74,141.92,117738.82
E07000164,Hambleton,,1111/1001,GSS re-coding strategy,01/01/2009,,E10000023,E07,DCLG,live,131122.82,131122.82,0,131122.82
E07000165,Harrogate,,1111/1001,GSS re-coding strategy,01/01/2009,,E10000023,E07,DCLG,live,130912.73,130912.73,118.05,130794.68
E07000166,Richmondshire,,1111/1001,GSS re-coding strategy,01/01/2009,,E10000023,E07,DCLG,live,131870.7,131870.7,0,131870.7
E07000167,Ryedale,,1111/1001,GSS re-coding strategy,01/01/2009,,E10000023,E07,DCLG,live,150659.37,150659.37,0,150659.37
E07000168,Scarborough,,1111/1001,GSS re-coding strategy,01/01/2009,,E10000023,E07,DCLG,live,82625.35,81648.71,0,81648.71
E07000169,Selby,,1111/1001,GSS re-coding strategy,01/01/2009,,E10000023,E07,DCLG,live,60222.33,59931.08,0,59931.08
E07000170,Ashfield,,1111/1001,GSS re-coding strategy,01/01/2009,,E10000024,E07,DCLG,live,10955.82,10955.82,0,10955.82
E07000171,Bassetlaw,,1111/1001,GSS re-coding strategy,01/01/2009,,E10000024,E07,DCLG,live,63949.29,63780.37,0,63780.37
E07000172,Broxtowe,,1111/1001,GSS re-coding strategy,01/01/2009,,E10000024,E07,DCLG,live,8009.89,8009.89,0,8009.89
E07000173,Gedling,,1111/1001,GSS re-coding strategy,01/01/2009,,E10000024,E07,DCLG,live,11998.16,11998.16,0,11998.16
E07000174,Mansfield,,1111/1001,GSS re-coding strategy,01/01/2009,,E10000024,E07,DCLG,live,7669.7,7669.7,0,7669.7
E07000175,Newark and Sherwood,,1111/1001,GSS re-coding strategy,01/01/2009,,E10000024,E07,DCLG,live,65183.55,65134.07,0,65134.07
E07000176,Rushcliffe,,1111/1001,GSS re-coding strategy,01/01/2009,,E10000024,E07,DCLG,live,40923.17,40923.17,0,40923.17
E07000177,Cherwell,,1111/1001,GSS re-coding strategy,01/01/2009,,E10000025,E07,DCLG,live,58874.12,58874.12,0,58874.12
E07000178,Oxford,,1111/1001,GSS re-coding strategy,01/01/2009,,E10000025,E07,DCLG,live,4560.28,4560.28,0,4560.28
E07000179,South Oxfordshire,,1111/1001,GSS re-coding strategy,01/01/2009,,E10000025,E07,DCLG,live,67853.72,67853.72,0,67853.72
E07000180,Vale of White Horse,,1111/1001,GSS re-coding strategy,01/01/2009,,E10000025,E07,DCLG,live,57864.45,57864.45,101.58,57762.87
E07000181,West Oxfordshire,,1111/1001,GSS re-coding strategy,01/01/2009,,E10000025,E07,DCLG,live,71442.19,71442.19,0,71442.19
E07000182,Bridgnorth,,1111/1001,GSS re-coding strategy,01/01/2009,31/03/2009,E10000026,E07,DCLG,terminated,,,,
E07000183,North Shropshire,,1111/1001,GSS re-coding strategy,01/01/2009,31/03/2009,E10000026,E07,DCLG,terminated,,,,
E07000184,Oswestry,,1111/1001,GSS re-coding strategy,01/01/2009,31/03/2009,E10000026,E07,DCLG,terminated,,,,
E07000185,Shrewsbury and Atcham,,1111/1001,GSS re-coding strategy,01/01/2009,31/03/2009,E10000026,E07,DCLG,terminated,,,,
E07000186,South Shropshire,,1111/1001,GSS re-coding strategy,01/01/2009,31/03/2009,E10000026,E07,DCLG,terminated,,,,
E07000187,Mendip,,1111/1001,GSS re-coding strategy,01/01/2009,,E10000027,E07,DCLG,live,73943.56,73943.56,0,73943.56
E07000188,Sedgemoor,,1111/1001,GSS re-coding strategy,01/01/2009,,E10000027,E07,DCLG,live,60587.41,56435.84,0,56435.84
E07000189,South Somerset,,1111/1001,GSS re-coding strategy,01/01/2009,,E10000027,E07,DCLG,live,95905.81,95904.02,0,95904.02
E07000190,Taunton Deane,,1111/1001,GSS re-coding strategy,01/01/2009,,E10000027,E07,DCLG,live,46250.31,46236.73,0,46236.73
E07000191,West Somerset,,1111/1001,GSS re-coding strategy,01/01/2009,,E10000027,E07,DCLG,live,74698.34,72689.76,148.97,72540.79
E07000192,Cannock Chase,,1111/1001,GSS re-coding strategy,01/01/2009,,E10000028,E07,DCLG,live,7888.25,7888.25,0,7888.25
E07000193,East Staffordshire,,1111/1001,GSS re-coding strategy,01/01/2009,,E10000028,E07,DCLG,live,38998.53,38998.53,302.78,38695.75
E07000194,Lichfield,,1111/1001,GSS re-coding strategy,01/01/2009,,E10000028,E07,DCLG,live,33129.44,33129.44,0,33129.44
E07000195,Newcastle-under-Lyme,,1111/1001,GSS re-coding strategy,01/01/2009,,E10000028,E07,DCLG,live,21095.73,21095.73,0,21095.73
E07000196,South Staffordshire,,1111/1001,GSS re-coding strategy,01/01/2009,,E10000028,E07,DCLG,live,40732.23,40732.23,0,40732.23
E07000197,Stafford,,1111/1001,GSS re-coding strategy,01/01/2009,,E10000028,E07,DCLG,live,59817.21,59817.21,0,59817.21
E07000198,Staffordshire Moorlands,,1111/1001,GSS re-coding strategy,01/01/2009,,E10000028,E07,DCLG,live,57584.98,57584.98,0,57584.98
E07000199,Tamworth,,1111/1001,GSS re-coding strategy,01/01/2009,,E10000028,E07,DCLG,live,3085.08,3085.08,0,3085.08
E07000200,Babergh,,1111/1001,GSS re-coding strategy,01/01/2009,,E10000029,E07,DCLG,live,61204.12,59521.46,139.25,59382.21
E07000201,Forest Heath,,1111/1001,GSS re-coding strategy,01/01/2009,,E10000029,E07,DCLG,live,37771.09,37771.09,0,37771.09
E07000202,Ipswich,,1111/1001,GSS re-coding strategy,01/01/2009,,E10000029,E07,DCLG,live,4030.02,3952.25,0,3952.25
E07000203,Mid Suffolk,,1111/1001,GSS re-coding strategy,01/01/2009,,E10000029,E07,DCLG,live,87107.07,87107.07,0,87107.07
E07000204,St Edmundsbury,,1111/1001,GSS re-coding strategy,01/01/2009,,E10000029,E07,DCLG,live,65696.49,65696.49,0,65696.49
E07000205,Suffolk Coastal,,1111/1001,GSS re-coding strategy,01/01/2009,,E10000029,E07,DCLG,live,92070.04,89172.95,0,89172.95
E07000206,Waveney,,1111/1001,GSS re-coding strategy,01/01/2009,,E10000029,E07,DCLG,live,37478.64,37013.17,0,37013.17
E07000207,Elmbridge,,1111/1001,GSS re-coding strategy,01/01/2009,,E10000030,E07,DCLG,live,9633.43,9633.43,128.2,9505.23
E07000208,Epsom and Ewell,,1111/1001,GSS re-coding strategy,01/01/2009,,E10000030,E07,DCLG,live,3407.94,3407.94,0,3407.94
E07000209,Guildford,,1111/1001,GSS re-coding strategy,01/01/2009,,E10000030,E07,DCLG,live,27093.11,27093.11,0,27093.11
E07000210,Mole Valley,,1111/1001,GSS re-coding strategy,01/01/2009,,E10000030,E07,DCLG,live,25832.11,25832.11,0,25832.11
E07000211,Reigate and Banstead,,1111/1001,GSS re-coding strategy,01/01/2009,,E10000030,E07,DCLG,live,12914.39,12914.39,0,12914.39
E07000212,Runnymede,,1111/1001,GSS re-coding strategy,01/01/2009,,E10000030,E07,DCLG,live,7804.07,7804.07,0,7804.07
E07000213,Spelthorne,,1111/1001,GSS re-coding strategy,01/01/2009,,E10000030,E07,DCLG,live,5116.14,5116.14,627.34,4488.8
E07000214,Surrey Heath,,1111/1001,GSS re-coding strategy,01/01/2009,,E10000030,E07,DCLG,live,9509.29,9509.29,0,9509.29
E07000215,Tandridge,,1111/1001,GSS re-coding strategy,01/01/2009,,E10000030,E07,DCLG,live,24819.48,24819.48,0,24819.48
E07000216,Waverley,,1111/1001,GSS re-coding strategy,01/01/2009,,E10000030,E07,DCLG,live,34517.01,34517.01,0,34517.01
E07000217,Woking,,1111/1001,GSS re-coding strategy,01/01/2009,,E10000030,E07,DCLG,live,6360.34,6360.34,0,6360.34
E07000218,North Warwickshire,,1111/1001,GSS re-coding strategy,01/01/2009,,E10000031,E07,DCLG,live,28426.35,28426.35,0,28426.35
E07000219,Nuneaton and Bedworth,,1111/1001,GSS re-coding strategy,01/01/2009,,E10000031,E07,DCLG,live,7895.04,7895.04,0,7895.04
E07000220,Rugby,,1111/1001,GSS re-coding strategy,01/01/2009,,E10000031,E07,DCLG,live,35355.73,35355.73,244.4,35111.33
E07000221,Stratford-on-Avon,,1111/1001,GSS re-coding strategy,01/01/2009,,E10000031,E07,DCLG,live,97786.94,97786.94,0,97786.94
E07000222,Warwick,,1111/1001,GSS re-coding strategy,01/01/2009,,E10000031,E07,DCLG,live,28288.21,28288.21,0,28288.21
E07000223,Adur,,1111/1001,GSS re-coding strategy,01/01/2009,,E10000032,E07,DCLG,live,4356.38,4192.98,0,4192.98
E07000224,Arun,,1111/1001,GSS re-coding strategy,01/01/2009,,E10000032,E07,DCLG,live,22428.07,22093.26,0,22093.26
E07000225,Chichester,,1111/1001,GSS re-coding strategy,01/01/2009,,E10000032,E07,DCLG,live,81187.35,78621.62,0,78621.62
E07000226,Crawley,,1111/1001,GSS re-coding strategy,01/01/2009,,E10000032,E07,DCLG,live,4497.11,4497.11,0,4497.11
E07000227,Horsham,,1111/1001,GSS re-coding strategy,01/01/2009,,E10000032,E07,DCLG,live,53096.22,53027.11,0,53027.11
E07000228,Mid Sussex,,1111/1001,GSS re-coding strategy,01/01/2009,,E10000032,E07,DCLG,live,33402.94,33402.94,0,33402.94
E07000229,Worthing,,1111/1001,GSS re-coding strategy,01/01/2009,,E10000032,E07,DCLG,live,3378.26,3252.16,0,3252.16
E07000230,Kennet,,1111/1001,GSS re-coding strategy,01/01/2009,31/03/2009,E10000033,E07,DCLG,terminated,,,,
E07000231,North Wiltshire,,1111/1001,GSS re-coding strategy,01/01/2009,31/03/2009,E10000033,E07,DCLG,terminated,,,,
E07000232,Salisbury,,1111/1001,GSS re-coding strategy,01/01/2009,31/03/2009,E10000033,E07,DCLG,terminated,,,,
E07000233,West Wiltshire,,1111/1001,GSS re-coding strategy,01/01/2009,31/03/2009,E10000033,E07,DCLG,terminated,,,,
E07000234,Bromsgrove,,1111/1001,GSS re-coding strategy,01/01/2009,,E10000034,E07,DCLG,live,21696.84,21696.84,0,21696.84
E07000235,Malvern Hills,,1111/1001,GSS re-coding strategy,01/01/2009,,E10000034,E07,DCLG,live,57707.1,57707.1,0,57707.1
E07000236,Redditch,,1111/1001,GSS re-coding strategy,01/01/2009,,E10000034,E07,DCLG,live,5425.09,5425.09,0,5425.09
E07000237,Worcester,,1111/1001,GSS re-coding strategy,01/01/2009,,E10000034,E07,DCLG,live,3327.82,3327.82,0,3327.82
E07000238,Wychavon,,1111/1001,GSS re-coding strategy,01/01/2009,,E10000034,E07,DCLG,live,66354.18,66354.18,0,66354.18
E07000239,Wyre Forest,,1111/1001,GSS re-coding strategy,01/01/2009,,E10000034,E07,DCLG,live,19540.38,19540.38,0,19540.38
E07000240,St Albans,,667/2012,The St Albans and Welwyn Hatfield (Boundary Change) Order 2012,01/04/2012,,E10000015,E07,DCLG,live,16120.59,16120.59,0,16120.59
E07000241,Welwyn Hatfield,,667/2012,The St Albans and Welwyn Hatfield (Boundary Change) Order 2012,01/04/2012,,E10000015,E07,DCLG,live,12953.68,12953.68,0,12953.68
E07000242,East Hertfordshire,,596/2013,The East Hertfordshire and Stevenage (Boundary Change) Order 2013,01/04/2013,,E10000015,E07,DCLG,live,47566.96,47566.96,0,47566.96
E07000243,Stevenage,,596/2013,The East Hertfordshire and Stevenage (Boundary Change) Order 2013,01/04/2013,,E10000015,E07,DCLG,live,2596.91,2596.91,0,2596.91
